BAM File	Barcode	Chromosome	Genotype	Unspliced ndhB-like Group II Insertions (650â€“700 bp)	Total Aligned Reads	Frequency of unspliced ndhB transcripts
TACGATCG_45CNXP_1_WT.sorted.bam	TACGATCG	chr3	WT	4	196	0.02041
ATGCTAGC_45CNXP_3_12-1.sorted.bam	ATGCTAGC	chr1	12-1	40	501	0.07984
TACGATCG_45CNXP_3_12-1.sorted.bam	TACGATCG	chr3	12-1	9	122	0.07377
CGTACGTA_45CNXP_3_12-1.sorted.bam	CGTACGTA	chr2	12-1	27	330	0.08182
CGTACGTA_45CNXP_4_10-1.sorted.bam	CGTACGTA	chr2	10-1	8	337	0.02374
TACGATCG_45CNXP_4_10-1.sorted.bam	TACGATCG	chr3	10-1	4	186	0.02151
ATGCTAGC_45CNXP_4_10-1.sorted.bam	ATGCTAGC	chr1	10-1	21	585	0.0359
CGTACGTA_45CNXP_1_WT.sorted.bam	CGTACGTA	chr2	WT	4	439	0.00911
ATGCTAGC_45CNXP_1_WT.sorted.bam	ATGCTAGC	chr1	WT	4	531	0.00753
CGTACGTA_45CNXP_2_Krab.sorted.bam	CGTACGTA	chr2	Krab	15	471	0.03185
ATGCTAGC_45CNXP_2_Krab.sorted.bam	ATGCTAGC	chr1	Krab	10	614	0.01629
TACGATCG_45CNXP_2_Krab.sorted.bam	TACGATCG	chr3	Krab	5	215	0.02326

